<?xml version="1.0" encoding="UTF-8"?>
<metadata xml:lang="es"><Esri><CreaDate>20110811</CreaDate><CreaTime>12333200</CreaTime><ArcGISFormat>1.0</ArcGISFormat><SyncOnce>TRUE</SyncOnce><DataProperties><itemProps><itemLocation><linkage Sync="TRUE">file://\\JCERPA\F$\CLASES PARA PRACTICAR\17g\ncerros</linkage><protocol Sync="TRUE">Local Area Network</protocol></itemLocation></itemProps><copyHistory><copy source="F:\CLASES PARA PRACTICAR\17g\SHP\ncerros" dest="\\JCERPA\F$\CLASES PARA PRACTICAR\17g\ncerros" date="20110811" time="12333200"></copy></copyHistory></DataProperties></Esri></metadata>
