<?xml version="1.0" encoding="UTF-8"?>
<metadata xml:lang="es"><Esri><CreaDate>20110811</CreaDate><CreaTime>12344000</CreaTime><ArcGISFormat>1.0</ArcGISFormat><SyncOnce>TRUE</SyncOnce><DataProperties><itemProps><itemLocation><linkage Sync="TRUE">file://\\JCERPA\F$\CLASES PARA PRACTICAR\17h\polurb</linkage><protocol Sync="TRUE">Local Area Network</protocol></itemLocation></itemProps><copyHistory><copy source="F:\CLASES PARA PRACTICAR\17h\SHP\TX\polurb" dest="\\JCERPA\F$\CLASES PARA PRACTICAR\17h\polurb" date="20110811" time="12344000"></copy></copyHistory></DataProperties></Esri></metadata>
