<?xml version="1.0" encoding="UTF-8"?>
<metadata xml:lang="es"><Esri><CreaDate>20110811</CreaDate><CreaTime>12340600</CreaTime><ArcGISFormat>1.0</ArcGISFormat><SyncOnce>TRUE</SyncOnce><DataProperties><itemProps><itemLocation><linkage Sync="TRUE">file://\\JCERPA\F$\CLASES PARA PRACTICAR\17h\rios</linkage><protocol Sync="TRUE">Local Area Network</protocol></itemLocation></itemProps><copyHistory><copy source="F:\CLASES PARA PRACTICAR\17h\SHP\HD\rios" dest="\\JCERPA\F$\CLASES PARA PRACTICAR\17h\rios" date="20110811" time="12340600"></copy></copyHistory></DataProperties></Esri></metadata>
